{"vocabulary": {"offerte": 57, "aanvraag": 1, "aug": 10, "dagdeel": 21, "onbekend": 58, "optie": 62, "toegestuurd": 75, "arrangement": 7, "klanten": 45, "algm": 5, "info": 39, "aantal": 0, "rimke": 69, "indien": 38, "contact": 18, "tocht": 74, "follow": 30, "vorige": 88, "gestuurd": 34, "zakelijk": 96, "komt": 46, "zelf": 98, "contract": 19, "particulier": 65, "versturen": 83, "jubileum": 44, "louise": 51, "zakelijke": 97, "brochure": 16, "village": 85, "waarschijnlijk": 92, "tot": 78, "toeggestuurd": 76, "weten": 95, "zetten": 99, "update": 80, "augustus": 11, "groepsgrootte": 35, "datum": 22, "wachtlijst": 94, "luxe": 52, "dek": 24, "prijsopgave": 67, "laatste": 48, "herinnering": 37, "ivm": 42, "opnemen": 61, "onmogelijk": 59, "uitblijven": 79, "gehoor": 32, "informatie": 40, "boeken": 14, "toesturen": 77, "geboekt": 31, "def": 23, "voorkeur": 87, "liefst": 49, "opgestuurd": 60, "deze": 25, "dossier": 27, "afwachten": 3, "neemt": 56, "respons": 68, "robert": 70, "boulevard": 15, "wachten": 93, "corona": 20, "atp": 9, "algemene": 4, "januari": 43, "vragen": 89, "budget": 17, "terug": 72, "maakt": 53, "harbour": 36, "gesloten": 33, "femke": 29, "arrangementen": 8, "feb": 28, "director": 26, "overeenkomst": 64, "verwijderen": 84, "vaarten": 81, "vloot": 86, "vaartocht": 82, "naupar": 55, "kpn": 47, "sponsor": 71, "barterdeal": 12, "beslissen": 13, "meerdere": 54, "opties": 63, "annuleren": 6, "linkedin": 50, "informatieaanvraag": 41, "partner": 66, "vrijblijvende": 90, "aanvragers": 2, "vuurwerk": 91, "tickets": 73}, "idf": [6.322634674198743, 3.0070510452595793, 6.941673882604967, 5.5202882016738055, 5.3612235070441185, 5.037436429950221, 7.501289670540389, 4.975561026232134, 6.489688758861909, 5.997212273764115, 4.82714102111386, 6.489688758861909, 6.584998938666234, 7.501289670540389, 6.248526702045021, 7.095824562432225, 5.486386649998124, 7.27814611922618, 4.597124590511889, 4.898599985096006, 6.248526702045021, 4.3337071400597384, 6.69035945432406, 6.808142489980444, 6.489688758861909, 7.501289670540389, 7.501289670540389, 7.095824562432225, 6.941673882604967, 6.69035945432406, 6.69035945432406, 5.796541578301964, 6.17953383055807, 6.808142489980444, 4.880250846427809, 6.941673882604967, 7.27814611922618, 6.941673882604967, 5.843061593936857, 3.6094693724297624, 4.556850691373949, 7.27814611922618, 5.668708206792079, 7.27814611922618, 7.501289670540389, 7.095824562432225, 6.69035945432406, 7.27814611922618, 6.69035945432406, 6.322634674198743, 6.941673882604967, 7.27814611922618, 6.941673882604967, 7.27814611922618, 6.941673882604967, 4.151385583265784, 6.941673882604967, 3.0098482498806405, 4.697929289633855, 6.054370687604064, 5.103394397742019, 5.843061593936857, 3.8377280244107426, 7.27814611922618, 7.095824562432225, 5.843061593936857, 7.27814611922618, 4.955758398935954, 6.489688758861909, 7.095824562432225, 6.808142489980444, 7.095824562432225, 6.584998938666234, 7.095824562432225, 5.174011964955972, 4.610917912644224, 6.808142489980444, 5.276666119016055, 5.276666119016055, 6.941673882604967, 6.402677381872279, 6.941673882604967, 5.591747165655951, 7.095824562432225, 6.808142489980444, 7.27814611922618, 7.095824562432225, 4.36579545461124, 6.808142489980444, 6.941673882604967, 7.095824562432225, 6.941673882604967, 7.27814611922618, 6.489688758861909, 7.501289670540389, 6.489688758861909, 6.584998938666234, 6.808142489980444, 6.402677381872279, 7.27814611922618], "max_features": 100, "stop_words": null}